round,test_joint_acc
0,15.423223005968529
1,16.94248507867607
2,18.74660879001628
3,24.145415084102005
4,23.57569180683668
