round,test_joint_acc
0,40.34183397
1,43.65165491
2,43.80086815
3,46.14758546
0,30.57514921
1,45.78133478
2,46.5002713
3,45.44221378