round,test_joint_acc
0,14.392295170916983
1,20.1709169831796
2,25.0
3,23.602821486706457
4,28.32338578404775
