round,test_joint_acc
0,14.39229517
1,20.17091698
2,25
3,25.60282149
4,28.32338578