round,epoch,test_joint_acc,test_slot_acc
0,150,0.232908,0.9284
1,105,0.357298,0.953563
2,42,0.385106,0.956167
3,33,0.408844,0.960332
4,60,0.443299,0.964614
5,48,0.44357,0.964722
6,66,0.475176,0.96749
7,57,0.471243,0.967042
0,81,0.155453,0.910278
1,63,0.333288,0.949254
2,87,0.398671,0.959373
3,51,0.401248,0.960657
4,60,0.433939,0.963072
5,126,0.451709,0.965921