round,epoch,test_joint_acc,test_slot_acc
0,90,0.284124,0.931416
1,42,0.380798,0.965884
2,45,0.401416,0.968706
3,16,0.456375,0.970944
0,84,0.368589,0.964094
1,72,0.421552,0.969045
2,42,0.453625,0.970406
3,15,0.484883,0.971111