round,epoch,test_joint_acc,test_slot_acc
0,48,0.417526,0.960332
1,33,0.457542,0.966662
2,24,0.497287,0.969687
3,39,0.508817,0.971758
0,72,0.43299,0.962018
1,45,0.460933,0.966649
2,36,0.479924,0.96923
3,18,0.498508,0.970469