round,test_joint_acc
0,35.12890095
1,44.80325645
2,48.60244233
3,47.20488467
0,33.06648575
1,43.32428765
2,47.24559023
3,49.21302578