round,epoch,test_joint_acc,test_slot_acc
0,105,0.263836,0.933329
1,75,0.39745,0.958781
2,63,0.410472,0.961512
3,66,0.44669,0.964664
4,66,0.457949,0.966264
5,30,0.458763,0.966956
6,57,0.470022,0.967707
7,30,0.476397,0.968005
0,150,0.245117,0.931299
1,87,0.3672,0.956728
2,42,0.418068,0.961856
3,39,0.427021,0.962954
4,87,0.457678,0.96687
5,60,0.475719,0.968575