round,test_joint_acc
0,38.22571894
1,42.37655996
2,43.43461747
3,44.51980467
0,38.2121541
1,39.66359197
2,42.72924579
3,42.90558871