round,test_joint_acc
0,39.68792402
1,41.31614654
2,45.30529172
3,46.78426052
0,37.99185889
1,41.30257802
2,47.32700136
3,47.13704206