round,epoch,test_joint_acc,test_slot_acc
0,147,0.428106,0.96271
1,42,0.449674,0.964012
2,39,0.466902,0.967765
3,51,0.497558,0.970062
4,27,0.491047,0.969176
5,24,0.492404,0.969348
0,78,0.418611,0.961842
1,27,0.445876,0.965048
2,39,0.473142,0.967797
3,57,0.502442,0.970234
4,27,0.508953,0.970519
5,17,0.500678,0.969475