round,epoch,test_joint_acc,test_slot_acc
0,57,0.017363,0.832926
1,39,0.019262,0.838967
2,30,0.17906,0.836973
3,120,0.188823,0.920533
4,150,0.273603,0.942404
5,111,0.318909,0.950728
6,72,0.313077,0.949937
7,78,0.338714,0.953323
8,102,0.383071,0.958501
9,99,0.383342,0.959138
10,81,0.389447,0.959378
11,57,0.385784,0.958709
0,60,0.01682,0.82939
1,30,0.01682,0.827546
2,150,0.133342,0.911309
3,15,0.1682,0.827537
4,99,0.27713,0.940984
5,150,0.30331,0.946907
6,150,0.343462,0.953744