round,test_joint_acc
0,19.58762887
1,24.07759088
2,27.56722735
3,27.75814433
4,27.96157895