round,test_joint_acc
0,19.587628865979383
1,24.077590884427565
2,27.76722734671731
3,22.938144329896907
4,27.631578947368425
