round,epoch,test_joint_acc,test_slot_acc
0,60,0.412778,0.960517
1,57,0.475041,0.967264
2,63,0.503663,0.971089
3,15,0.513429,0.971568
0,48,0.375882,0.953034
1,48,0.462561,0.967973
2,42,0.508681,0.970781
3,20,0.519533,0.972228
0,57,0.428649,0.963967
1,57,0.470836,0.967815
2,66,0.512887,0.971414
3,12,0.507189,0.970876