round,epoch,test_joint_acc,test_slot_acc
0,90,0.334124,0.931416
1,42,0.400798,0.965884
2,45,0.441416,0.968706
3,16,0.486375,0.970944
0,84,0.298589,0.964094
1,72,0.381552,0.969045
2,42,0.423625,0.970406
3,15,0.464883,0.971111