round,epoch,test_joint_acc,test_slot_acc
0,90,0.304124,0.931416
1,42,0.460798,0.965884
2,45,0.481416,0.968706
3,16,0.506375,0.970944
0,84,0.448589,0.964094
1,72,0.481552,0.969045
2,42,0.493625,0.970406
3,15,0.504883,0.971111