round,epoch,test_joint_acc,test_slot_acc
0,39,0.396716,0.959066
1,39,0.449647,0.965685
2,18,0.45494,0.967603
3,11,0.463355,0.967404
0,36,0.410152,0.960799
1,24,0.454397,0.966377
2,18,0.464848,0.967567
3,12,0.476249,0.968893