round,epoch,test_joint_acc,test_slot_acc
0,54,0.315789,0.94603
1,63,0.435024,0.963203
2,63,0.475583,0.968796
3,27,0.481959,0.967856
4,33,0.489962,0.96942
5,57,0.504476,0.970804
0,51,0.312127,0.941359
1,39,0.424173,0.961806
2,51,0.477754,0.967937
3,24,0.469479,0.967386
4,27,0.488199,0.96942
5,21,0.485893,0.969443