round,epoch,test_joint_acc,test_slot_acc
0,114,0.301953,0.942426
1,99,0.451845,0.963985
2,81,0.477889,0.967982
3,57,0.486028,0.968823
4,24,0.486978,0.968231
5,21,0.502306,0.970365
0,57,0.314569,0.94475
1,33,0.432718,0.963452
2,27,0.451845,0.966178
3,24,0.475041,0.968055
4,24,0.49376,0.97004
5,24,0.505426,0.970967
6,18,0.514107,0.971206
7,18,0.518448,0.972468
0,69,0.329354,0.946274
1,57,0.43733,0.963999
2,36,0.442349,0.964456
3,63,0.486978,0.968625
4,75,0.502984,0.97061