round,test_joint_acc
0,36.9234943
1,43.61096039
2,45.52360282
3,46.13402062
0,38.15789474
1,41.99674444
2,45.99837222
3,47.70754205