round,test_joint_acc
0,39.00949796
1,43.71777476
2,46.71641791
3,47.69335142
0,39.85074627
1,44.42333786
2,45.9972863
3,47.05563094