round,epoch,test_joint_acc,test_slot_acc
0,60,0.421188,0.962059
1,30,0.458492,0.967404
2,45,0.503256,0.970392
3,21,0.502713,0.969954
4,21,0.52089,0.972491
5,13,0.515871,0.971961
0,105,0.397721,0.957384
1,48,0.460255,0.966287
2,27,0.477889,0.967788
3,27,0.49905,0.971016
4,24,0.512615,0.972188
5,10,0.51248,0.970872
0,111,0.363266,0.952256
1,66,0.455914,0.96635
2,72,0.485893,0.969253
3,39,0.505426,0.970311
4,24,0.513429,0.971044
5,10,0.501085,0.970695