round,epoch,test_joint_acc,test_slot_acc
0,48,0.398208,0.959053
1,24,0.463355,0.967106
2,18,0.471634,0.968798
3,10,0.47937,0.969386
0,45,0.409473,0.962545
1,48,0.471363,0.968056
2,18,0.484528,0.969399
3,10,0.483306,0.969426