round,epoch,test_joint_acc,test_slot_acc
0,93,0.36096,0.955263
1,39,0.412235,0.961498
2,75,0.454151,0.965572
3,36,0.473684,0.967707
4,33,0.476126,0.968168
5,42,0.475583,0.968019
6,27,0.506647,0.970392
7,11,0.48006,0.968864
0,57,0.340477,0.951849
1,36,0.421188,0.96025
2,36,0.444249,0.96475
3,27,0.462154,0.966278
4,21,0.476668,0.967368
5,39,0.487385,0.968991
6,21,0.499457,0.97008
7,24,0.495795,0.969764