round,epoch,test_joint_acc,test_slot_acc
0,42,0.374593,0.954972
1,27,0.45304,0.966079
2,18,0.472177,0.968078
3,12,0.488871,0.970241
0,36,0.39848,0.959989
1,27,0.462405,0.966413
2,21,0.485749,0.969092
3,13,0.510858,0.972277