round,epoch,test_joint_acc,test_slot_acc
0,69,0.366386,0.952754
1,126,0.469886,0.967815
2,42,0.477482,0.968842
3,66,0.510445,0.971649
0,54,0.333288,0.941843
1,60,0.458763,0.965826
2,69,0.495117,0.969976